id;image_path;ocr_path;segmentation_path;info_path;cpf;rg;birthdate;name
000111111;files/000111111_in.jpg;files/000111111_gt_ocr.txt;files/000111111_gt_segmentation.jpg;files/000111111_info.json;354.205.532-87;08.096.661-5;02/01/1963;Rebelo Ronei Nakamurakare
000230000;files/000230000_in.jpg;files/000230000_gt_ocr.txt;files/000230000_gt_segmentation.jpg;files/000230000_info.json;188.354.397-52;29.227.222-4;05/05/1984;Kohatsu Liberatti Ivan
000233025;files/000233025_in.jpg;files/000233025_gt_ocr.txt;files/000233025_gt_segmentation.jpg;files/000233025_info.json;370.678.495-51;73.377.624-3;16/02/1976;Chicaro Okubaro Salvo
000233331;files/000233331_in.jpg;files/000233331_gt_ocr.txt;files/000233331_gt_segmentation.jpg;files/000233331_info.json;624.476.345-95;84.941.430-1;20/11/2008;Hochun Cerdeira Crema
000250000;files/000250000_in.jpg;files/000250000_gt_ocr.txt;files/000250000_gt_segmentation.jpg;files/000250000_info.json;;48.753.318-5;20/07/1978;Scrignoli Petenusci Rombach
000250001;files/000250001_in.jpg;files/000250001_gt_ocr.txt;files/000250001_gt_segmentation.jpg;files/000250001_info.json;298.022.219-45;38.921.574-0;26/03/1974;Gerassi Chibalin
000250002;files/000250002_in.jpg;files/000250002_gt_ocr.txt;files/000250002_gt_segmentation.jpg;files/000250002_info.json;354.205.532-87;08.096.661-5;02/01/1963;Rebelo Ronei Nakamurakare
000252222;files/000252222_in.jpg;files/000252222_gt_ocr.txt;files/000252222_gt_segmentation.jpg;files/000252222_info.json;624.476.345-95;84.941.430-1;20/11/2008;Hochun Cerdeira Crema
000254141;files/000254141_in.jpg;files/000254141_gt_ocr.txt;files/000254141_gt_segmentation.jpg;files/000254141_info.json;;59.699.252-5;28/09/1999;Lorber Mazzini Naghirniac
000259281;files/000259281_in.jpg;files/000259281_gt_ocr.txt;files/000259281_gt_segmentaton.jpg;files/000259281_info.json;370.678.495-51;73.377.624-3;16/02/1976;Chicaro Okubaro Salvo
00025928_;files/00025928_in.jpg;files/00025928_gt_ocr.txt;files/00025928_gt_segmentation.jpg;files/00025928__info.json;025.762.835-51;07.116.299-9;20/08/1999;Sandler Caffaro
00025929_;files/00025929_in.jpg;files/00025929_gt_ocr.txt;files/00025929_gt_segmentation.jpg;files/00025929__info.json;355.463.190-62;47.763.681-0;15/01/1959;Kenji Sanchetta Plastino
00025930_;files/00025930_in.jpg;files/00025930_gt_ocr.txt;files/00025930_gt_segmentation.jpg;files/00025930__info.json;;53.217.319-3;04/02/1992;Schaeffner Crippa Rennyo
00025931_;files/00025931_in.jpg;files/00025931_gt_ocr.txt;files/00025931_gt_segmentation.jpg;files/00025931__info.json;237.696.411-32;12.887.048-5;06/01/2009;Sontag Brondani Dalben
00025932_;files/00025932_in.jpg;files/00025932_gt_ocr.txt;files/00025932_gt_segmentation.jpg;files/00025932__info.json;;44.483.656-1;10/12/1988;Zampronio Penteado Escat
00025933_;files/00025933_in.jpg;files/00025933_gt_ocr.txt;files/00025933_gt_segmentation.jpg;files/00025933__info.json;278.084.848-06;25.822.625-0;09/09/1969;Belinassi Salezia Dulcineia
00025934_;files/00025934_in.jpg;files/00025934_gt_ocr.txt;files/00025934_gt_segmentation.jpg;files/00025934__info.json;;16.298.687-7;16/07/1962;Mescoki Martin Benedeti
00025935_;files/00025935_in.jpg;files/00025935_gt_ocr.txt;files/00025935_gt_segmentation.jpg;files/00025935__info.json;750.046.903-91;06.343.926-8;20/07/2001;Azoubel Ueki Ruggiero
00025936_;files/00025936_in.jpg;files/00025936_gt_ocr.txt;files/00025936_gt_segmentation.jpg;files/00025936__info.json;920.227.404-59;34.087.090-4;28/11/1972;Whitaker Crestana Remorini
00025937_;files/00025937_in.jpg;files/00025937_gt_ocr.txt;files/00025937_gt_segmentation.jpg;files/00025937__info.json;424.882.456-66;09.346.392-3;13/02/1998;Goularte Pantaroto Loscalzo
00025938_;files/00025938_in.jpg;files/00025938_gt_ocr.txt;files/00025938_gt_segmentation.jpg;files/00025938__info.json;396.146.181-32;40.481.326-4;23/01/1995;Stanzione Cymrot Zahran
00025939_;files/00025939_in.jpg;files/00025939_gt_ocr.txt;files/00025939_gt_segmentation.jpg;files/00025939__info.json;505.960.271-09;10.716.927-7;30/08/1957;Ivamar Renart Pipponzi
00025940_;files/00025940_in.jpg;files/00025940_gt_ocr.txt;files/00025940_gt_segmentation.jpg;files/00025940__info.json;588.676.171-33;30.874.141-9;03/04/1994;Vettore Hackspacher Pachler
00025941_;files/00025941_in.jpg;files/00025941_gt_ocr.txt;files/00025941_gt_segmentation.jpg;files/00025941__info.json;814.912.571-05;48.160.687-7;02/09/1951;Rotger Waldair Yanasse
00025942_;files/00025942_in.jpg;files/00025942_gt_ocr.txt;files/00025942_gt_segmentation.jpg;files/00025942__info.json;;95.764.104-7;25/06/2001;Pecin Jayme Herbert
00025943_;files/00025943_in.jpg;files/00025943_gt_ocr.txt;files/00025943_gt_segmentation.jpg;files/00025943__info.json;278.597.103-58;39.902.119-9;13/11/1973;Nihei Tomattis Liluli
00025944_;files/00025944_in.jpg;files/00025944_gt_ocr.txt;files/00025944_gt_segmentation.jpg;files/00025944__info.json;051.918.975-28;17.170.568-3;23/10/1982;Gerri Peris Finazzo
00025945_;files/00025945_in.jpg;files/00025945_gt_ocr.txt;files/00025945_gt_segmentation.jpg;files/00025945__info.json;271.325.470-11;31.826.500-3;31/03/1967;Lazaretti Hortal Begueldo
00025946_;files/00025946_in.jpg;files/00025946_gt_ocr.txt;files/00025946_gt_segmentation.jpg;files/00025946__info.json;690.178.651-48;25.197.829-1;25/05/2008;Michelino Compagno Balseiro
00025947_;files/00025947_in.jpg;files/00025947_gt_ocr.txt;files/00025947_gt_segmentation.jpg;files/00025947__info.json;;00.957.792-0;26/08/1964;Yeh Nagilla Orrico
00025948_;files/00025948_in.jpg;files/00025948_gt_ocr.txt;files/00025948_gt_segmentation.jpg;files/00025948__info.json;830.968.342-10;26.567.220-9;01/07/1976;Siessere Pastro Bloss
00025949_;files/00025949_in.jpg;files/00025949_gt_ocr.txt;files/00025949_gt_segmentation.jpg;files/00025949__info.json;651.694.282-00;23.495.369-6;22/04/2000;Castaldelli Loveley Tacio
00025950_;files/00025950_in.jpg;files/00025950_gt_ocr.txt;files/00025950_gt_segmentation.jpg;files/00025950__info.json;485.441.245-34;73.409.707-4;27/04/2010;Zeller Romagna Pa
00025951_;files/00025951_in.jpg;files/00025951_gt_ocr.txt;files/00025951_gt_segmentation.jpg;files/00025951__info.json;;00.540.473-3;26/06/1999;Martelli Anton Wanderson
00025953_;files/00025953_in.jpg;files/00025953_gt_ocr.txt;files/00025953_gt_segmentation.jpg;files/00025953__info.json;;78.780.087-9;21/06/1963;Mortean Pifaia Nomot
00025954_;files/00025954_in.jpg;files/00025954_gt_ocr.txt;files/00025954_gt_segmentation.jpg;files/00025954__info.json;;92.396.579-8;22/06/1979;Woznarowycz Lim Ywamot
00025955_;files/00025955_in.jpg;files/00025955_gt_ocr.txt;files/00025955_gt_segmentation.jpg;files/00025955__info.json;246.688.197-78;18.671.036-7;21/09/2019;Bernardino Fiengo Lo
00025956_;files/00025956_in.jpg;files/00025956_gt_ocr.txt;files/00025956_gt_segmentation.jpg;files/00025956__info.json;921.904.895-71;42.432.484-2;05/07/1982;Olivare Dazcal Calio
00025957_;files/00025957_in.jpg;files/00025957_gt_ocr.txt;files/00025957_gt_segmentation.jpg;files/00025957__info.json;836.799.804-93;95.498.748-2;24/08/1964;Rink Ikari Guidone
00025958_;files/00025958_in.jpg;files/00025958_gt_ocr.txt;files/00025958_gt_segmentation.jpg;files/00025958__info.json;072.462.182-20;76.486.596-1;08/11/1961;Otavia Arrais Assano
00025959_;files/00025959_in.jpg;files/00025959_gt_ocr.txt;files/00025959_gt_segmentation.jpg;files/00025959__info.json;752.063.434-55;65.072.043-4;06/03/2011;Alinne Pongiluppi Bumirgh
00025960_;files/00025960_in.jpg;files/00025960_gt_ocr.txt;files/00025960_gt_segmentation.jpg;files/00025960__info.json;;41.698.935-4;10/11/2006;Louzano Consiglio Cassa
00025961_;files/00025961_in.jpg;files/00025961_gt_ocr.txt;files/00025961_gt_segmentation.jpg;files/00025961__info.json;140.446.783-16;78.782.930-4;10/09/1952;Carmeni Fukelmann Piske
00025963_;files/00025963_in.jpg;files/00025963_gt_ocr.txt;files/00025963_gt_segmentation.jpg;files/00025963__info.json;684.448.403-86;21.695.642-0;23/10/2001;Sichieri Misiara Cheavegatti
00025964_;files/00025964_in.jpg;files/00025964_gt_ocr.txt;files/00025964_gt_segmentation.jpg;files/00025964__info.json;779.003.445-60;42.214.966-4;03/06/1977;Sanfins Bay Ardito
00025965_;files/00025965_in.jpg;files/00025965_gt_ocr.txt;files/00025965_gt_segmentation.jpg;files/00025965__info.json;465.787.008-46;46.842.488-2;24/03/2008;Capistrano Nallin Barga
00025966_;files/00025966_in.jpg;files/00025966_gt_ocr.txt;files/00025966_gt_segmentation.jpg;files/00025966__info.json;285.976.846-74;85.544.858-1;28/01/1962;Hebe Shiqi Fogaca
00025967_;files/00025967_in.jpg;files/00025967_gt_ocr.txt;files/00025967_gt_segmentation.jpg;files/00025967__info.json;564.087.965-32;75.964.769-0;03/05/1986;Okubaro Inga Isler
00025968_;files/00025968_in.jpg;files/00025968_gt_ocr.txt;files/00025968_gt_segmentation.jpg;files/00025968__info.json;276.007.420-04;20.749.721-7;13/12/1982;Speranza Reberte Yeu
00025969_;files/00025969_in.jpg;files/00025969_gt_ocr.txt;files/00025969_gt_segmentation.jpg;files/00025969__info.json;499.034.697-13;48.048.826-5;25/04/1965;Chiurciu Chiebao Uras
00025970_;files/00025970_in.jpg;files/00025970_gt_ocr.txt;files/00025970_gt_segmentation.jpg;files/00025970__info.json;222.828.412-20;24.102.560-6;07/09/1961;Espanhol Nazarre Concheti
00025971_;files/00025971_in.jpg;files/00025971_gt_ocr.txt;files/00025971_gt_segmentation.jpg;files/00025971__info.json;116.441.200-03;84.640.047-9;03/01/1981;Stapait Schons Morishita
00025972_;files/00025972_in.jpg;files/00025972_gt_ocr.txt;files/00025972_gt_segmentation.jpg;files/00025972__info.json;;07.421.203-5;27/10/1981;Crippa Airis Rantin
00025973_;files/00025973_in.jpg;files/00025973_gt_ocr.txt;files/00025973_gt_segmentation.jpg;files/00025973__info.json;902.987.222-59;60.854.784-0;07/06/2011;Giulio Guidolin Sarobo
00025974_;files/00025974_in.jpg;files/00025974_gt_ocr.txt;files/00025974_gt_segmentation.jpg;files/00025974__info.json;358.023.298-31;46.026.141-1;03/04/1977;Cerezetti Capobianco Barbuio
00025975_;files/00025975_in.jpg;files/00025975_gt_ocr.txt;files/00025975_gt_segmentation.jpg;files/00025975__info.json;160.729.589-07;48.335.015-1;24/06/2014;Awagakubo Livingstone Braga
00025976_;files/00025976_in.jpg;files/00025976_gt_ocr.txt;files/00025976_gt_segmentation.jpg;files/00025976__info.json;025.762.835-51;07.116.299-9;20/08/1999;Sandler Caffaro
00025977_;files/00025977_in.jpg;files/00025977_gt_ocr.txt;files/00025977_gt_segmentation.jpg;files/00025977__info.json;191.354.355-26;99.190.501-5;10/08/1957;Scardovelli Nekrycz Yoshinaga
00025978_;files/00025978_in.jpg;files/00025978_gt_ocr.txt;files/00025978_gt_segmentation.jpg;files/00025978__info.json;;62.613.300-2;25/09/1992;Guelfi Chicca Akiti
00025979_;files/00025979_in.jpg;files/00025979_gt_ocr.txt;files/00025979_gt_segmentation.jpg;files/00025979__info.json;958.952.897-03;06.650.728-5;04/03/1953;Monier Donate Cyllene
00025980_;files/00025980_in.jpg;files/00025980_gt_ocr.txt;files/00025980_gt_segmentation.jpg;files/00025980__info.json;263.863.037-33;15.041.133-9;06/12/2012;Cantarim Katanosaka Samea
00025981_;files/00025981_in.jpg;files/00025981_gt_ocr.txt;files/00025981_gt_segmentation.jpg;files/00025981__info.json;815.467.611-79;01.603.333-4;25/12/1988;Eliade Candioti Jivago
00025982_;files/00025982_in.jpg;files/00025982_gt_ocr.txt;files/00025982_gt_segmentation.jpg;files/00025982__info.json;649.148.252-95;40.889.113-0;11/05/1987;Petacci Du Abraham
00025983_;files/00025983_in.jpg;files/00025983_gt_ocr.txt;files/00025983_gt_segmentation.jpg;files/00025983__info.json;594.655.406-92;28.734.535-3;04/08/2000;Sbrana Cresciulo Terumiti
00025984_;files/00025984_in.jpg;files/00025984_gt_ocr.txt;files/00025984_gt_segmentation.jpg;files/00025984__info.json;534.974.860-27;63.015.913-0;22/12/1993;Canuto Lenharo Travanca
00025985_;files/00025985_in.jpg;files/00025985_gt_ocr.txt;files/00025985_gt_segmentation.jpg;files/00025985__info.json;557.601.233-00;33.762.971-7;23/12/1966;Gallo Guidorizzi Jackline
00025986_;files/00025986_in.jpg;files/00025986_gt_ocr.txt;files/00025986_gt_segmentation.jpg;files/00025986__info.json;077.319.388-08;54.401.309-8;16/07/1963;Cortazzo Portes Petrazzini
00025988_;files/00025988_in.jpg;files/00025988_gt_ocr.txt;files/00025988_gt_segmentation.jpg;files/00025988__info.json;617.042.873-24;33.917.150-9;09/01/2012;Hindira Molinari Fuerth
00025989_;files/00025989_in.jpg;files/00025989_gt_ocr.txt;files/00025989_gt_segmentation.jpg;files/00025989__info.json;980.725.544-92;93.801.477-8;30/06/1998;Paltrinieri Fares Namba
00025990_;files/00025990_in.jpg;files/00025990_gt_ocr.txt;files/00025990_gt_segmentation.jpg;files/00025990__info.json;852.422.354-54;11.351.804-3;18/04/1972;Guardiano Moreno Ricardo
00025991_;files/00025991_in.jpg;files/00025991_gt_ocr.txt;files/00025991_gt_segmentation.jpg;files/00025991__info.json;746.719.943-05;25.859.685-5;28/05/2004;Sencler Secaf Sugimoto
00025992_;files/00025992_in.jpg;files/00025992_gt_ocr.txt;files/00025992_gt_segmentation.jpg;files/00025992__info.json;427.938.677-30;64.697.408-7;17/10/1956;Marcuns Wlademir Altemani
00025993_;files/00025993_in.jpg;files/00025993_gt_ocr.txt;files/00025993_gt_segmentation.jpg;files/00025993__info.json;342.845.954-74;31.668.985-3;23/09/1990;Tarraf Sheppard Monaco
00025994_;files/00025994_in.jpg;files/00025994_gt_ocr.txt;files/00025994_gt_segmentation.jpg;files/00025994__info.json;980.725.544-92;93.801.477-8;30/06/1998;Paltrinieri Fares Namba
00025995_;files/00025995_in.jpg;files/00025995_gt_ocr.txt;files/00025995_gt_segmentation.jpg;files/00025995__info.json;;52.056.394-3;23/10/2018;Mutai Tempesta Ferrazo
00025996_;files/00025996_in.jpg;files/00025996_gt_ocr.txt;files/00025996_gt_segmentation.jpg;files/00025996__info.json;509.707.141-73;38.564.435-8;13/09/2018;Florence Petita Sarue
00025997_;files/00025997_in.jpg;files/00025997_gt_ocr.txt;files/00025997_gt_segmentation.jpg;files/00025997__info.json;534.017.751-38;49.034.278-4;30/10/1962;Takahira Dares Wainer
00025998_;files/00025998_in.jpg;files/00025998_gt_ocr.txt;files/00025998_gt_segmentation.jpg;files/00025998__info.json;096.866.100-90;52.551.029-1;01/11/1950;Misao Antonino Krahenbuhl
00025999_;files/00025999_in.jpg;files/00025999_gt_ocr.txt;files/00025999_gt_segmentation.jpg;files/00025999__info.json;232.154.586-08;47.032.406-5;16/01/2010;Cabete Murilla Lanfranchi
00026000_;files/00026000_in.jpg;files/00026000_gt_ocr.txt;files/00026000_gt_segmentation.jpg;files/00026000__info.json;221.299.876-72;46.550.672-0;18/03/2012;Santana Metanias Simplicio
00026001_;files/00026001_in.jpg;files/00026001_gt_ocr.txt;files/00026001_gt_segmentation.jpg;files/00026001__info.json;729.924.794-11;23.892.719-2;23/01/2009;Raful Passamanik Wescley
00026002_;files/00026002_in.jpg;files/00026002_gt_ocr.txt;files/00026002_gt_segmentation.jpg;files/00026002__info.json;;73.171.818-5;30/10/1972;Maggiotto Hiratsuca Yana
00026003_;files/00026003_in.jpg;files/00026003_gt_ocr.txt;files/00026003_gt_segmentation.jpg;files/00026003__info.json;905.026.987-72;79.171.048-8;15/10/1958;Dioguardi Sabbag Terto
00026004_;files/00026004_in.jpg;files/00026004_gt_ocr.txt;files/00026004_gt_segmentation.jpg;files/00026004__info.json;436.796.603-83;29.086.133-0;19/01/1992;Garofo Geisler Lussim
00026005_;files/00026005_in.jpg;files/00026005_gt_ocr.txt;files/00026005_gt_segmentation.jpg;files/00026005__info.json;446.499.500-40;37.547.054-2;23/03/1989;Fabrizzio Larocca Caragelasco
00026006_;files/00026006_in.jpg;files/00026006_gt_ocr.txt;files/00026006_gt_segmentation.jpg;files/00026006__info.json;620.571.670-46;20.660.732-5;22/10/2005;Possar Schudt Nisiyama
00026007_;files/00026007_in.jpg;files/00026007_gt_ocr.txt;files/00026007_gt_segmentation.jpg;files/00026007__info.json;566.003.147-10;65.362.810-9;02/07/1977;Shimanoe Hubbe Andozia
00026008_;files/00026008_in.jpg;files/00026008_gt_ocr.txt;files/00026008_gt_segmentation.jpg;files/00026008__info.json;160.079.213-87;77.669.816-3;10/10/2008;Baeta Daimon Gianfrancisco
00026009_;files/00026009_in.jpg;files/00026009_gt_ocr.txt;files/00026009_gt_segmentation.jpg;files/00026009__info.json;928.702.511-81;25.655.361-0;27/07/1971;Birnbaum Nallin A
00026010_;files/00026010_in.jpg;files/00026010_gt_ocr.txt;files/00026010_gt_segmentation.jpg;files/00026010__info.json;685.720.879-40;42.628.707-1;06/05/1994;Tahiti Rivellino Zajdenwerg
00026011_;files/00026011_in.jpg;files/00026011_gt_ocr.txt;files/00026011_gt_segmentation.jpg;files/00026011__info.json;173.599.871-05;73.675.629-2;29/09/1988;Bohn Panos Naldi
00026012_;files/00026012_in.jpg;files/00026012_gt_ocr.txt;files/00026012_gt_segmentation.jpg;files/00026012__info.json;775.243.480-96;58.289.353-7;22/12/2006;William Teramatsu Iglezias
00026013_;files/00026013_in.jpg;files/00026013_gt_ocr.txt;files/00026013_gt_segmentation.jpg;files/00026013__info.json;186.625.429-48;69.411.226-4;25/07/1962;Sfair Sichiroli Bonazzi
00026014_;files/00026014_in.jpg;files/00026014_gt_ocr.txt;files/00026014_gt_segmentation.jpg;files/00026014__info.json;542.347.638-02;43.166.260-5;05/01/1958;Valarini Miquilin Pauferro
00026015_;files/00026015_in.jpg;files/00026015_gt_ocr.txt;files/00026015_gt_segmentation.jpg;files/00026015__info.json;620.982.760-87;00.183.907-8;19/05/1991;Cimino Rosolen Bayard
00026016_;files/00026016_in.jpg;files/00026016_gt_ocr.txt;files/00026016_gt_segmentation.jpg;files/00026016__info.json;494.390.110-76;14.529.529-1;11/11/1974;Jina Gilberto Zaidan
00026017_;files/00026017_in.jpg;files/00026017_gt_ocr.txt;files/00026017_gt_segmentation.jpg;files/00026017__info.json;917.393.612-02;38.296.528-0;05/10/2000;Lenzi Tanyra Coqueti
00026018_;files/00026018_in.jpg;files/00026018_gt_ocr.txt;files/00026018_gt_segmentation.jpg;files/00026018__info.json;996.803.013-97;94.522.474-6;27/08/2006;Chiacchiari Hung Calefo
00026019_;files/00026019_in.jpg;files/00026019_gt_ocr.txt;files/00026019_gt_segmentation.jpg;files/00026019__info.json;617.042.873-24;33.917.150-9;09/01/2012;Hindira Molinari Fuerth
00026020_;files/00026020_in.jpg;files/00026020_gt_ocr.txt;files/00026020_gt_segmentation.jpg;files/00026020__info.json;620.571.670-46;20.660.732-5;22/10/2005;Possar Schudt Nisiyama
00026021_;files/00026021_in.jpg;files/00026021_gt_ocr.txt;files/00026021_gt_segmentation.jpg;files/00026021__info.json;038.091.360-77;05.269.687-6;14/06/1978;Schuler Andreollo Tiemi
00026022_;files/00026022_in.jpg;files/00026022_gt_ocr.txt;files/00026022_gt_segmentation.jpg;files/00026022__info.json;;07.730.379-9;16/03/2018;Kovtunin S
00026023_;files/00026023_in.jpg;files/00026023_gt_ocr.txt;files/00026023_gt_segmentation.jpg;files/00026023__info.json;;21.927.929-9;21/11/1988;Pataquini Briano Tatsumi
00026024_;files/00026024_in.jpg;files/00026024_gt_ocr.txt;files/00026024_gt_segmentation.jpg;files/00026024__info.json;;67.640.080-2;23/02/1991;Cassar Andreazza Gavazza
00026025_;files/00026025_in.jpg;files/00026025_gt_ocr.txt;files/00026025_gt_segmentation.jpg;files/00026025__info.json;426.717.137-89;94.055.743-5;29/05/1999;Giulio Tanis Grasiella
00026026_;files/00026026_in.jpg;files/00026026_gt_ocr.txt;files/00026026_gt_segmentation.jpg;files/00026026__info.json;463.701.824-27;58.155.672-0;25/02/2003;Renar Medolago A
00026027_;files/00026027_in.jpg;files/00026027_gt_ocr.txt;files/00026027_gt_segmentation.jpg;files/00026027__info.json;961.397.194-70;51.478.882-3;08/12/1994;Specian Suguino Sukadolnik
00026028_;files/00026028_in.jpg;files/00026028_gt_ocr.txt;files/00026028_gt_segmentation.jpg;files/00026028__info.json;;92.717.083-8;27/12/1997;Patric Khu
00026029_;files/00026029_in.jpg;files/00026029_gt_ocr.txt;files/00026029_gt_segmentation.jpg;files/00026029__info.json;;64.739.383-9;20/06/1981;Cera Quinalha Ruffino
00026030_;files/00026030_in.jpg;files/00026030_gt_ocr.txt;files/00026030_gt_segmentation.jpg;files/00026030__info.json;158.286.362-86;43.779.266-3;24/02/1989;Auilo Rudzevicius Jubram
00026031_;files/00026031_in.jpg;files/00026031_gt_ocr.txt;files/00026031_gt_segmentation.jpg;files/00026031__info.json;180.441.536-75;81.863.296-3;10/12/1982;Maceira Perassollo Koo
00026032_;files/00026032_in.jpg;files/00026032_gt_ocr.txt;files/00026032_gt_segmentation.jpg;files/00026032__info.json;094.363.303-67;39.489.147-8;06/12/1996;Grenge Queiros Palomino
00026033_;files/00026033_in.jpg;files/00026033_gt_ocr.txt;files/00026033_gt_segmentation.jpg;files/00026033__info.json;150.261.928-82;48.600.827-7;16/01/1989;Manzzolla Bonello Zem
00026034_;files/00026034_in.jpg;files/00026034_gt_ocr.txt;files/00026034_gt_segmentation.jpg;files/00026034__info.json;562.159.757-53;81.475.418-1;12/07/1984;Lista Zoz Cedismondi
00026035_;files/00026035_in.jpg;files/00026035_gt_ocr.txt;files/00026035_gt_segmentation.jpg;files/00026035__info.json;;89.833.916-9;10/02/1954;Mineoka Radicchi Ioneda
00026036_;files/00026036_in.jpg;files/00026036_gt_ocr.txt;files/00026036_gt_segmentation.jpg;files/00026036__info.json;128.194.848-91;05.915.235-7;07/02/1989;Elisandro Bleise Fiume
00026037_;files/00026037_in.jpg;files/00026037_gt_ocr.txt;files/00026037_gt_segmentation.jpg;files/00026037__info.json;514.154.703-59;25.189.499-7;01/12/1956;Travagim Favretto Comineli
00026038_;files/00026038_in.jpg;files/00026038_gt_ocr.txt;files/00026038_gt_segmentation.jpg;files/00026038__info.json;441.909.113-48;25.043.976-1;21/12/1958;Matsushita Bauab Bitello
00026039_;files/00026039_in.jpg;files/00026039_gt_ocr.txt;files/00026039_gt_segmentation.jpg;files/00026039__info.json;449.027.181-62;63.746.890-9;03/07/1982;Riemsdijk Granada Yiling
00026040_;files/00026040_in.jpg;files/00026040_gt_ocr.txt;files/00026040_gt_segmentation.jpg;files/00026040__info.json;;31.321.673-3;06/02/2014;Guerrini Semirames Kudrjawzew
00026041_;files/00026041_in.jpg;files/00026041_gt_ocr.txt;files/00026041_gt_segmentation.jpg;files/00026041__info.json;199.559.124-64;63.350.953-6;24/08/1963;Ednei Andreu Suavinh
00026042_;files/00026042_in.jpg;files/00026042_gt_ocr.txt;files/00026042_gt_segmentation.jpg;files/00026042__info.json;536.067.614-06;85.937.141-4;04/10/1976;Josefik Iwamoto Heluany
00026043_;files/00026043_in.jpg;files/00026043_gt_ocr.txt;files/00026043_gt_segmentation.jpg;files/00026043__info.json;274.294.370-60;63.641.133-3;11/04/1999;Kerly Shiniti Batte
00026044_;files/00026044_in.jpg;files/00026044_gt_ocr.txt;files/00026044_gt_segmentation.jpg;files/00026044__info.json;183.567.645-64;86.222.614-4;05/03/1961;Riciane Denterghem Lotaif
00026045_;files/00026045_in.jpg;files/00026045_gt_ocr.txt;files/00026045_gt_segmentation.jpg;files/00026045__info.json;112.538.630-40;67.422.293-3;15/11/1965;Kamida Zagato Sicchieri
00026046_;files/00026046_in.jpg;files/00026046_gt_ocr.txt;files/00026046_gt_segmentation.jpg;files/00026046__info.json;644.198.769-48;43.050.576-0;07/02/1995;Hideaki Vicino Isizaka
00026047_;files/00026047_in.jpg;files/00026047_gt_ocr.txt;files/00026047_gt_segmentation.jpg;files/00026047__info.json;469.661.357-71;78.397.447-4;06/03/1996;Christofferson Irvin Yotsuyanagi
00026048_;files/00026048_in.jpg;files/00026048_gt_ocr.txt;files/00026048_gt_segmentation.jpg;files/00026048__info.json;;04.989.364-6;16/10/1992;Ferri Bezner Krueger
00026049_;files/00026049_in.jpg;files/00026049_gt_ocr.txt;files/00026049_gt_segmentation.jpg;files/00026049__info.json;282.386.753-83;21.719.369-9;22/11/1969;Demarco Beloni Aluiza
00026050_;files/00026050_in.jpg;files/00026050_gt_ocr.txt;files/00026050_gt_segmentation.jpg;files/00026050__info.json;752.063.434-55;65.072.043-4;06/03/2011;Alinne Pongiluppi Bumirgh
00026051_;files/00026051_in.jpg;files/00026051_gt_ocr.txt;files/00026051_gt_segmentation.jpg;files/00026051__info.json;345.420.834-38;29.009.352-1;01/03/2005;Crnkowise Mazzucato Chiquetano
00026052_;files/00026052_in.jpg;files/00026052_gt_ocr.txt;files/00026052_gt_segmentation.jpg;files/00026052__info.json;645.817.438-18;18.770.256-1;30/04/2012;Paez Shih Deodato
00026053_;files/00026053_in.jpg;files/00026053_gt_ocr.txt;files/00026053_gt_segmentation.jpg;files/00026053__info.json;606.867.867-93;73.663.430-7;25/09/1988;Melfi Lorenzeti Xieli
00026054_;files/00026054_in.jpg;files/00026054_gt_ocr.txt;files/00026054_gt_segmentation.jpg;files/00026054__info.json;;55.173.026-2;28/01/1957;Kandi Kurman Xisto
00026055_;files/00026055_in.jpg;files/00026055_gt_ocr.txt;files/00026055_gt_segmentation.jpg;files/00026055__info.json;;42.485.656-6;05/11/1986;Crespi Man
00026056_;files/00026056_in.jpg;files/00026056_gt_ocr.txt;files/00026056_gt_segmentation.jpg;files/00026056__info.json;186.625.429-48;69.411.226-4;25/07/1962;Sfair Sichiroli Bonazzi
00026057_;files/00026057_in.jpg;files/00026057_gt_ocr.txt;files/00026057_gt_segmentation.jpg;files/00026057__info.json;;13.235.127-4;22/08/2014;Massuto Marien Godoi
00026058_;files/00026058_in.jpg;files/00026058_gt_ocr.txt;files/00026058_gt_segmentation.jpg;files/00026058__info.json;422.320.302-96;11.757.829-0;04/10/2015;Rovina Scardovelli Lordelo
00026059_;files/00026059_in.jpg;files/00026059_gt_ocr.txt;files/00026059_gt_segmentation.jpg;files/00026059__info.json;806.752.906-00;33.119.220-2;13/12/1999;Cristal Assulfi Chen
00026060_;files/00026060_in.jpg;files/00026060_gt_ocr.txt;files/00026060_gt_segmentation.jpg;files/00026060__info.json;028.073.877-30;08.200.071-2;11/12/2018;Dreves Hirakata Charro
00026061_;files/00026061_in.jpg;files/00026061_gt_ocr.txt;files/00026061_gt_segmentation.jpg;files/00026061__info.json;542.347.638-02;43.166.260-5;05/01/1958;Valarini Miquilin Pauferro
00026062_;files/00026062_in.jpg;files/00026062_gt_ocr.txt;files/00026062_gt_segmentation.jpg;files/00026062__info.json;176.551.038-44;02.277.451-8;07/12/1966;Comodo Hidenori Koichiro
00026063_;files/00026063_in.jpg;files/00026063_gt_ocr.txt;files/00026063_gt_segmentation.jpg;files/00026063__info.json;111.237.173-70;01.311.245-4;15/10/1950;Fronzaglia Navas Tecchio
00026064_;files/00026064_in.jpg;files/00026064_gt_ocr.txt;files/00026064_gt_segmentation.jpg;files/00026064__info.json;844.761.728-90;62.845.929-4;27/12/2000;Trillo Ferragute Cintas
00026065_;files/00026065_in.jpg;files/00026065_gt_ocr.txt;files/00026065_gt_segmentation.jpg;files/00026065__info.json;390.814.373-05;53.712.384-2;08/08/1971;Serna Perente Navas
00026066_;files/00026066_in.jpg;files/00026066_gt_ocr.txt;files/00026066_gt_segmentation.jpg;files/00026066__info.json;282.023.045-80;30.277.940-1;23/10/2003;Massaini Campolino Moma
00026067_;files/00026067_in.jpg;files/00026067_gt_ocr.txt;files/00026067_gt_segmentation.jpg;files/00026067__info.json;079.799.441-60;98.027.195-2;12/10/1989;Darlan Liv Mestriner
00026068_;files/00026068_in.jpg;files/00026068_gt_ocr.txt;files/00026068_gt_segmentation.jpg;files/00026068__info.json;649.148.252-95;40.889.113-0;11/05/1987;Petacci Du Abraham
00026069_;files/00026069_in.jpg;files/00026069_gt_ocr.txt;files/00026069_gt_segmentation.jpg;files/00026069__info.json;455.678.724-61;05.692.660-1;01/12/1982;Plina Larami Quitakava
00026071_;files/00026071_in.jpg;files/00026071_gt_ocr.txt;files/00026071_gt_segmentation.jpg;files/00026071__info.json;;59.858.520-5;01/09/1966;Fiorotto Huber A
00026072_;files/00026072_in.jpg;files/00026072_gt_ocr.txt;files/00026072_gt_segmentation.jpg;files/00026072__info.json;;71.560.374-7;15/11/1975;Izumida Gabriotti Moratto
00026073_;files/00026073_in.jpg;files/00026073_gt_ocr.txt;files/00026073_gt_segmentation.jpg;files/00026073__info.json;031.442.160-20;58.849.955-9;13/11/1984;Manno Junio Umbelino
00026074_;files/00026074_in.jpg;files/00026074_gt_ocr.txt;files/00026074_gt_segmentation.jpg;files/00026074__info.json;671.018.159-60;35.693.416-0;27/01/1969;Osanai Kobayaski Barrem
00026075_;files/00026075_in.jpg;files/00026075_gt_ocr.txt;files/00026075_gt_segmentation.jpg;files/00026075__info.json;490.928.872-42;19.380.118-8;17/12/1990;Utrini Diago Izuno
00026076_;files/00026076_in.jpg;files/00026076_gt_ocr.txt;files/00026076_gt_segmentation.jpg;files/00026076__info.json;549.613.502-81;96.526.607-2;18/01/2015;Ximena Algarve M
00026077_;files/00026077_in.jpg;files/00026077_gt_ocr.txt;files/00026077_gt_segmentation.jpg;files/00026077__info.json;234.236.066-57;52.710.775-4;20/06/1987;Tatsuguchi Riyo Bassoli
00026079_;files/00026079_in.jpg;files/00026079_gt_ocr.txt;files/00026079_gt_segmentation.jpg;files/00026079__info.json;001.127.634-72;31.140.515-0;14/06/2007;Franci Bergamo Tao
00026081_;files/00026081_in.jpg;files/00026081_gt_ocr.txt;files/00026081_gt_segmentation.jpg;files/00026081__info.json;391.347.399-80;96.148.223-0;09/05/2003;Rice Gordilho Voeroes
00026082_;files/00026082_in.jpg;files/00026082_gt_ocr.txt;files/00026082_gt_segmentation.jpg;files/00026082__info.json;275.278.844-44;05.250.301-7;03/10/2013;Matilde Panas Naruzawa
00026083_;files/00026083_in.jpg;files/00026083_gt_ocr.txt;files/00026083_gt_segmentation.jpg;files/00026083__info.json;361.922.590-70;75.585.161-4;30/09/2011;Montevechi Reti Frascareli
00026084_;files/00026084_in.jpg;files/00026084_gt_ocr.txt;files/00026084_gt_segmentation.jpg;files/00026084__info.json;569.002.142-31;49.135.652-3;20/02/1992;Bakiewicz Oliverio Vigevani
00026085_;files/00026085_in.jpg;files/00026085_gt_ocr.txt;files/00026085_gt_segmentation.jpg;files/00026085__info.json;121.898.360-42;17.890.323-1;18/04/1955;Fongaro Kreusch Kung
00026086_;files/00026086_in.jpg;files/00026086_gt_ocr.txt;files/00026086_gt_segmentation.jpg;files/00026086__info.json;654.680.096-92;69.571.250-0;04/03/1986;Cairo Cereja Bleise
00026087_;files/00026087_in.jpg;files/00026087_gt_ocr.txt;files/00026087_gt_segmentation.jpg;files/00026087__info.json;263.724.347-33;13.220.211-6;11/01/2009;Bedollo Rigobello Bode
00026088_;files/00026088_in.jpg;files/00026088_gt_ocr.txt;files/00026088_gt_segmentation.jpg;files/00026088__info.json;300.998.526-67;57.229.334-3;08/10/2000;Taiguara Facure Dmitri
00026089_;files/00026089_in.jpg;files/00026089_gt_ocr.txt;files/00026089_gt_segmentation.jpg;files/00026089__info.json;689.985.048-63;10.245.458-9;20/06/1976;Fontelas Conard Uglik
00026090_;files/00026090_in.jpg;files/00026090_gt_ocr.txt;files/00026090_gt_segmentation.jpg;files/00026090__info.json;;07.421.203-5;27/10/1981;Crippa Airis Rantin
00026091_;files/00026091_in.jpg;files/00026091_gt_ocr.txt;files/00026091_gt_segmentation.jpg;files/00026091__info.json;;24.585.407-1;06/04/1995;Rezk Shirlei Gimeno
00026092_;files/00026092_in.jpg;files/00026092_gt_ocr.txt;files/00026092_gt_segmentation.jpg;files/00026092__info.json;293.249.537-29;02.992.505-8;06/06/1984;Valdoski Hinckel Sarilho
00026093_;files/00026093_in.jpg;files/00026093_gt_ocr.txt;files/00026093_gt_segmentation.jpg;files/00026093__info.json;218.122.251-72;36.584.001-4;10/02/1968;Pancotti Rakoza Tabajara
00026094_;files/00026094_in.jpg;files/00026094_gt_ocr.txt;files/00026094_gt_segmentation.jpg;files/00026094__info.json;542.424.087-90;97.183.107-5;26/07/1993;Patrocinia Pinhabel Chiarantano
00026095_;files/00026095_in.jpg;files/00026095_gt_ocr.txt;files/00026095_gt_segmentation.jpg;files/00026095__info.json;644.979.806-85;37.942.625-0;20/10/1970;Ceciliato Miyaoka Danniel
00026096_;files/00026096_in.jpg;files/00026096_gt_ocr.txt;files/00026096_gt_segmentation.jpg;files/00026096__info.json;201.305.173-56;65.071.299-7;24/07/1953;Modena Messineo Honora
00026098_;files/00026098_in.jpg;files/00026098_gt_ocr.txt;files/00026098_gt_segmentation.jpg;files/00026098__info.json;001.948.593-04;54.850.271-7;18/07/1983;Endo Albano Hornink
00026099_;files/00026099_in.jpg;files/00026099_gt_ocr.txt;files/00026099_gt_segmentation.jpg;files/00026099__info.json;421.372.080-24;22.004.028-5;08/10/1995;Riberi Manfrim Torre
00026100_;files/00026100_in.jpg;files/00026100_gt_ocr.txt;files/00026100_gt_segmentation.jpg;files/00026100__info.json;;92.741.260-3;10/09/2010;Smith Morgenstern Kury
00026101_;files/00026101_in.jpg;files/00026101_gt_ocr.txt;files/00026101_gt_segmentation.jpg;files/00026101__info.json;774.733.222-06;80.669.977-2;08/07/1974;Matsudo Salerno Fras
00026102_;files/00026102_in.jpg;files/00026102_gt_ocr.txt;files/00026102_gt_segmentation.jpg;files/00026102__info.json;;47.568.519-2;12/10/2013;Giro Urtado Gromboni
00026103_;files/00026103_in.jpg;files/00026103_gt_ocr.txt;files/00026103_gt_segmentation.jpg;files/00026103__info.json;043.675.109-72;49.810.159-9;14/04/2001;Malaco Asamura Teras
00026104_;files/00026104_in.jpg;files/00026104_gt_ocr.txt;files/00026104_gt_segmentation.jpg;files/00026104__info.json;424.484.297-74;82.104.797-8;09/12/2002;Michellin Lustri Lissiene
00026105_;files/00026105_in.jpg;files/00026105_gt_ocr.txt;files/00026105_gt_segmentation.jpg;files/00026105__info.json;;10.515.109-9;03/01/1979;Azedo Prev
00026106_;files/00026106_in.jpg;files/00026106_gt_ocr.txt;files/00026106_gt_segmentation.jpg;files/00026106__info.json;;73.171.818-5;30/10/1972;Maggiotto Hiratsuca Yana
00026107_;files/00026107_in.jpg;files/00026107_gt_ocr.txt;files/00026107_gt_segmentation.jpg;files/00026107__info.json;465.787.008-46;46.842.488-2;24/03/2008;Capistrano Nallin Barga
00026108_;files/00026108_in.jpg;files/00026108_gt_ocr.txt;files/00026108_gt_segmentation.jpg;files/00026108__info.json;534.017.751-38;49.034.278-4;30/10/1962;Takahira Dares Wainer
00026109_;files/00026109_in.jpg;files/00026109_gt_ocr.txt;files/00026109_gt_segmentation.jpg;files/00026109__info.json;077.319.388-08;54.401.309-8;16/07/1963;Cortazzo Portes Petrazzini
00026110_;files/00026110_in.jpg;files/00026110_gt_ocr.txt;files/00026110_gt_segmentation.jpg;files/00026110__info.json;;07.730.379-9;16/03/2018;Kovtunin S
00026111_;files/00026111_in.jpg;files/00026111_gt_ocr.txt;files/00026111_gt_segmentation.jpg;files/00026111__info.json;437.205.174-38;54.418.427-0;15/04/1977;Koivisto Barreto Malvao
00026112_;files/00026112_in.jpg;files/00026112_gt_ocr.txt;files/00026112_gt_segmentation.jpg;files/00026112__info.json;342.845.954-74;31.668.985-3;23/09/1990;Tarraf Sheppard Monaco
00026113_;files/00026113_in.jpg;files/00026113_gt_ocr.txt;files/00026113_gt_segmentation.jpg;files/00026113__info.json;310.475.279-60;40.258.172-6;04/07/1953;Ira Liluli Sfeir
00026114_;files/00026114_in.jpg;files/00026114_gt_ocr.txt;files/00026114_gt_segmentation.jpg;files/00026114__info.json;644.746.621-13;07.724.333-5;15/09/1995;Vermeulen Amandio Arali
00026115_;files/00026115_in.jpg;files/00026115_gt_ocr.txt;files/00026115_gt_segmentation.jpg;files/00026115__info.json;160.079.213-87;77.669.816-3;10/10/2008;Baeta Daimon Gianfrancisco
00026116_;files/00026116_in.jpg;files/00026116_gt_ocr.txt;files/00026116_gt_segmentation.jpg;files/00026116__info.json;443.225.700-89;80.015.934-2;30/05/1991;Scatolin Pai
00026117_;files/00026117_in.jpg;files/00026117_gt_ocr.txt;files/00026117_gt_segmentation.jpg;files/00026117__info.json;234.236.066-57;52.710.775-4;20/06/1987;Tatsuguchi Riyo Bassoli
00026118_;files/00026118_in.jpg;files/00026118_gt_ocr.txt;files/00026118_gt_segmentation.jpg;files/00026118__info.json;221.299.876-72;46.550.672-0;18/03/2012;Santana Metanias Simplicio
00026119_;files/00026119_in.jpg;files/00026119_gt_ocr.txt;files/00026119_gt_segmentation.jpg;files/00026119__info.json;150.261.928-82;48.600.827-7;16/01/1989;Manzzolla Bonello Zem
00026120_;files/00026120_in.jpg;files/00026120_gt_ocr.txt;files/00026120_gt_segmentation.jpg;files/00026120__info.json;165.152.553-65;56.894.354-5;20/06/1983;Melara Vaz Serpeloni
00026121_;files/00026121_in.jpg;files/00026121_gt_ocr.txt;files/00026121_gt_segmentation.jpg;files/00026121__info.json;403.806.026-87;01.056.259-1;10/08/1967;Eziel Zanovello Haramaki
00026122_;files/00026122_in.jpg;files/00026122_gt_ocr.txt;files/00026122_gt_segmentation.jpg;files/00026122__info.json;025.762.835-51;07.116.299-9;20/08/1999;Sandler Caffaro
00026123_;files/00026123_in.jpg;files/00026123_gt_ocr.txt;files/00026123_gt_segmentation.jpg;files/00026123__info.json;534.017.751-38;49.034.278-4;30/10/1962;Takahira Dares Wainer
00026124_;files/00026124_in.jpg;files/00026124_gt_ocr.txt;files/00026124_gt_segmentation.jpg;files/00026124__info.json;380.233.135-41;33.075.173-6;30/03/1967;Vaccari Rigoglio Ceschin
00026125_;files/00026125_in.jpg;files/00026125_gt_ocr.txt;files/00026125_gt_segmentation.jpg;files/00026125__info.json;426.717.137-89;94.055.743-5;29/05/1999;Giulio Tanis Grasiella
00026126_;files/00026126_in.jpg;files/00026126_gt_ocr.txt;files/00026126_gt_segmentation.jpg;files/00026126__info.json;025.671.385-52;87.264.999-4;09/09/1999;Astolphi Habib Brotto
00026127_;files/00026127_in.jpg;files/00026127_gt_ocr.txt;files/00026127_gt_segmentation.jpg;files/00026127__info.json;390.828.338-83;28.243.230-9;16/01/2010;Stergios Kaawar Tosihiko
00026128_;files/00026128_in.jpg;files/00026128_gt_ocr.txt;files/00026128_gt_segmentation.jpg;files/00026128__info.json;645.420.537-17;19.519.231-4;24/07/2009;Mostazo Tatiane Bluhm
00026129_;files/00026129_in.jpg;files/00026129_gt_ocr.txt;files/00026129_gt_segmentation.jpg;files/00026129__info.json;278.084.848-06;25.822.625-0;27/05/2006;Belinassi Salezia Dulcineia
00026130_;files/00026130_in.jpg;files/00026130_gt_ocr.txt;files/00026130_gt_segmentation.jpg;files/00026130__info.json;440.421.141-48;81.360.602-0;13/11/2000;Pergher Teran Kamilla
00026131_;files/00026131_in.jpg;files/00026131_gt_ocr.txt;files/00026131_gt_segmentation.jpg;files/00026131__info.json;450.719.645-03;17.060.688-0;23/07/1989;Roldan Deolino Iida
00026132_;files/00026132_in.jpg;files/00026132_gt_ocr.txt;files/00026132_gt_segmentation.jpg;files/00026132__info.json;344.945.368-81;39.842.390-8;03/11/1998;Aristides Latorre Shuhei
00026133_;files/00026133_in.jpg;files/00026133_gt_ocr.txt;files/00026133_gt_segmentation.jpg;files/00026133__info.json;980.996.505-22;99.870.100-2;28/11/1972;Hage Ogassawara Julliana
00026134_;files/00026134_in.jpg;files/00026134_gt_ocr.txt;files/00026134_gt_segmentation.jpg;files/00026134__info.json;619.712.648-65;44.062.231-1;31/12/1986;Laluci Jaderson Nivia
00026135_;files/00026135_in.jpg;files/00026135_gt_ocr.txt;files/00026135_gt_segmentation.jpg;files/00026135__info.json;739.740.169-45;85.767.572-2;28/02/1987;Uliam Trottmann Benite
00026136_;files/00026136_in.jpg;files/00026136_gt_ocr.txt;files/00026136_gt_segmentation.jpg;files/00026136__info.json;;23.159.972-9;24/06/2018;Bolzan Zanatto Taverna
00026137_;files/00026137_in.jpg;files/00026137_gt_ocr.txt;files/00026137_gt_segmentation.jpg;files/00026137__info.json;676.615.170-60;77.139.595-4;08/06/2011;Venezuela Cenzi Parmejani
00026138_;files/00026138_in.jpg;files/00026138_gt_ocr.txt;files/00026138_gt_segmentation.jpg;files/00026138__info.json;165.152.553-65;56.894.354-5;20/06/1983;Melara Vaz Serpeloni
00026139_;files/00026139_in.jpg;files/00026139_gt_ocr.txt;files/00026139_gt_segmentation.jpg;files/00026139__info.json;394.208.662-03;87.366.297-0;01/11/1998;Josef Adalgiso Migli
00026140_;files/00026140_in.jpg;files/00026140_gt_ocr.txt;files/00026140_gt_segmentation.jpg;files/00026140__info.json;153.851.225-48;62.624.726-3;07/02/1974;Bandiera Onias Mottin
00026141_;files/00026141_in.jpg;files/00026141_gt_ocr.txt;files/00026141_gt_segmentation.jpg;files/00026141__info.json;151.063.364-22;25.438.618-0;24/07/1996;Scaranel Klauss Santhiago
00026142_;files/00026142_in.jpg;files/00026142_gt_ocr.txt;files/00026142_gt_segmentation.jpg;files/00026142__info.json;;08.803.690-1;28/04/2014;Scudeller Ioriatti Servulo
00026143_;files/00026143_in.jpg;files/00026143_gt_ocr.txt;files/00026143_gt_segmentation.jpg;files/00026143__info.json;;15.820.512-1;21/07/2017;Grupioni U
00026144_;files/00026144_in.jpg;files/00026144_gt_ocr.txt;files/00026144_gt_segmentation.jpg;files/00026144__info.json;;91.492.695-0;21/04/1981;Crislaine Tarraf Schum
00026145_;files/00026145_in.jpg;files/00026145_gt_ocr.txt;files/00026145_gt_segmentation.jpg;files/00026145__info.json;376.024.798-90;62.950.732-6;16/08/1980;Heliodora Pinho Kazakos
00026146_;files/00026146_in.jpg;files/00026146_gt_ocr.txt;files/00026146_gt_segmentation.jpg;files/00026146__info.json;176.551.038-44;02.277.451-8;07/12/1966;Comodo Hidenori Koichiro
00026147_;files/00026147_in.jpg;files/00026147_gt_ocr.txt;files/00026147_gt_segmentation.jpg;files/00026147__info.json;434.990.097-73;09.523.348-9;10/06/1959;Dalecio Turte Apoloni
00026148_;files/00026148_in.jpg;files/00026148_gt_ocr.txt;files/00026148_gt_segmentation.jpg;files/00026148__info.json;220.270.765-49;11.463.921-8;27/04/1997;Herik Bedone Ernane
00026149_;files/00026149_in.jpg;files/00026149_gt_ocr.txt;files/00026149_gt_segmentation.jpg;files/00026149__info.json;;79.233.452-8;11/01/2010;Apostolico Pedroni Talamonte
00026150_;files/00026150_in.jpg;files/00026150_gt_ocr.txt;files/00026150_gt_segmentation.jpg;files/00026150__info.json;945.812.522-70;04.490.529-4;30/07/1990;Majolo Nicolao Edmar
00026151_;files/00026151_in.jpg;files/00026151_gt_ocr.txt;files/00026151_gt_segmentation.jpg;files/00026151__info.json;201.305.173-56;65.071.299-7;24/07/1953;Modena Messineo Honora
00026153_;files/00026153_in.jpg;files/00026153_gt_ocr.txt;files/00026153_gt_segmentation.jpg;files/00026153__info.json;067.904.059-50;16.318.368-5;04/02/1964;Galhardoni Pradella Dianes
00026154_;files/00026154_in.jpg;files/00026154_gt_ocr.txt;files/00026154_gt_segmentation.jpg;files/00026154__info.json;504.611.030-01;85.415.891-1;28/05/1963;Namiuti Mouco Pitombeira
00026155_;files/00026155_in.jpg;files/00026155_gt_ocr.txt;files/00026155_gt_segmentation.jpg;files/00026155__info.json;996.803.013-97;94.522.474-6;27/08/2006;Chiacchiari Hung Calefo
00026156_;files/00026156_in.jpg;files/00026156_gt_ocr.txt;files/00026156_gt_segmentation.jpg;files/00026156__info.json;663.856.124-30;05.768.042-5;15/12/1964;Nonogaki Delbim Tokuno
00026157_;files/00026157_in.jpg;files/00026157_gt_ocr.txt;files/00026157_gt_segmentation.jpg;files/00026157__info.json;737.437.779-75;92.287.189-9;30/08/1951;Boquimpani Lagoin Lionel
00026158_;files/00026158_in.jpg;files/00026158_gt_ocr.txt;files/00026158_gt_segmentation.jpg;files/00026158__info.json;905.026.987-72;79.171.048-8;15/10/1958;Dioguardi Sabbag Terto
00026159_;files/00026159_in.jpg;files/00026159_gt_ocr.txt;files/00026159_gt_segmentation.jpg;files/00026159__info.json;223.866.436-03;20.379.206-3;05/02/1958;Annunciato Mouro Jakovac
00026160_;files/00026160_in.jpg;files/00026160_gt_ocr.txt;files/00026160_gt_segmentation.jpg;files/00026160__info.json;771.932.537-00;40.422.180-4;26/09/2010;Perine Donetts Gene
00026161_;files/00026161_in.jpg;files/00026161_gt_ocr.txt;files/00026161_gt_segmentation.jpg;files/00026161__info.json;671.018.159-60;35.693.416-0;27/01/1969;Osanai Kobayaski Barrem
00026162_;files/00026162_in.jpg;files/00026162_gt_ocr.txt;files/00026162_gt_segmentation.jpg;files/00026162__info.json;450.719.645-03;17.060.688-0;23/07/1989;Roldan Deolino Iida
00026163_;files/00026163_in.jpg;files/00026163_gt_ocr.txt;files/00026163_gt_segmentation.jpg;files/00026163__info.json;117.260.184-40;91.186.530-5;08/01/1957;Reinato Ubirata Aquila
00026164_;files/00026164_in.jpg;files/00026164_gt_ocr.txt;files/00026164_gt_segmentation.jpg;files/00026164__info.json;594.655.406-92;28.734.535-3;04/08/2000;Sbrana Cresciulo Terumiti
00026165_;files/00026165_in.jpg;files/00026165_gt_ocr.txt;files/00026165_gt_segmentation.jpg;files/00026165__info.json;;72.095.792-8;30/05/1996;Michele Mikaela Inay
00026166_;files/00026166_in.jpg;files/00026166_gt_ocr.txt;files/00026166_gt_segmentation.jpg;files/00026166__info.json;074.865.181-04;16.216.701-5;05/08/1981;Laiza Motter Bedone
00026167_;files/00026167_in.jpg;files/00026167_gt_ocr.txt;files/00026167_gt_segmentation.jpg;files/00026167__info.json;692.694.518-79;55.477.549-9;01/04/1956;Mancuso Schapira Delarmelino
00026168_;files/00026168_in.jpg;files/00026168_gt_ocr.txt;files/00026168_gt_segmentation.jpg;files/00026168__info.json;646.826.063-95;88.031.958-6;16/04/1965;Salvatierra Bari Moo
00026170_;files/00026170_in.jpg;files/00026170_gt_ocr.txt;files/00026170_gt_segmentation.jpg;files/00026170__info.json;701.781.842-33;71.514.304-9;09/11/1969;Zebian Abeati Davidovitch
00026171_;files/00026171_in.jpg;files/00026171_gt_ocr.txt;files/00026171_gt_segmentation.jpg;files/00026171__info.json;233.269.515-07;68.350.173-2;11/05/1998;Grauso Ciurria Vattos
00026172_;files/00026172_in.jpg;files/00026172_gt_ocr.txt;files/00026172_gt_segmentation.jpg;files/00026172__info.json;109.468.735-93;33.995.883-2;17/05/1997;Jokiti Zonete Fabian
00026173_;files/00026173_in.jpg;files/00026173_gt_ocr.txt;files/00026173_gt_segmentation.jpg;files/00026173__info.json;328.611.589-48;97.499.074-7;12/04/1987;Introvini Ashihara Christofolo
00026175_;files/00026175_in.jpg;files/00026175_gt_ocr.txt;files/00026175_gt_segmentation.jpg;files/00026175__info.json;011.700.223-24;71.612.343-5;27/08/1969;Nahomi Costardi Leichsenring
00026176_;files/00026176_in.jpg;files/00026176_gt_ocr.txt;files/00026176_gt_segmentation.jpg;files/00026176__info.json;216.130.675-85;38.341.052-6;17/08/2006;Tammone Campanhao Odilon
00026177_;files/00026177_in.jpg;files/00026177_gt_ocr.txt;files/00026177_gt_segmentation.jpg;files/00026177__info.json;816.272.045-63;82.132.529-2;17/02/2020;Tamar Tanigushi Pretti
00026178_;files/00026178_in.jpg;files/00026178_gt_ocr.txt;files/00026178_gt_segmentation.jpg;files/00026178__info.json;929.728.214-83;13.137.780-2;07/06/2020;Candeloro Fink Pipponzi
00026179_;files/00026179_in.jpg;files/00026179_gt_ocr.txt;files/00026179_gt_segmentation.jpg;files/00026179__info.json;543.253.060-05;65.521.890-7;24/09/1997;Muhringer Schichvarger Grael
00026180_;files/00026180_in.jpg;files/00026180_gt_ocr.txt;files/00026180_gt_segmentation.jpg;files/00026180__info.json;500.628.138-38;23.063.956-2;03/09/1990;Avilla Deziderio Jaiana
00026181_;files/00026181_in.jpg;files/00026181_gt_ocr.txt;files/00026181_gt_segmentation.jpg;files/00026181__info.json;943.070.920-82;49.814.537-2;01/11/1964;Bianca Valejo Plotegher
00026182_;files/00026182_in.jpg;files/00026182_gt_ocr.txt;files/00026182_gt_segmentation.jpg;files/00026182__info.json;;85.874.369-3;17/08/1986;Bertolon Sienra Udala
00026183_;files/00026183_in.jpg;files/00026183_gt_ocr.txt;files/00026183_gt_segmentation.jpg;files/00026183__info.json;300.998.526-67;57.229.334-3;08/10/2000;Taiguara Facure Dmitri
00026184_;files/00026184_in.jpg;files/00026184_gt_ocr.txt;files/00026184_gt_segmentation.jpg;files/00026184__info.json;107.817.637-03;60.867.114-9;05/08/1989;Kerlakian Gudson Donate
00026185_;files/00026185_in.jpg;files/00026185_gt_ocr.txt;files/00026185_gt_segmentation.jpg;files/00026185__info.json;686.166.725-08;66.142.168-5;01/09/2016;Raffaelli Guariente Bekeierman
00026186_;files/00026186_in.jpg;files/00026186_gt_ocr.txt;files/00026186_gt_segmentation.jpg;files/00026186__info.json;330.849.153-26;35.823.757-9;25/04/1983;Stevanato Malvezi Becari
00026187_;files/00026187_in.jpg;files/00026187_gt_ocr.txt;files/00026187_gt_segmentation.jpg;files/00026187__info.json;653.081.179-69;73.145.684-1;04/09/2017;Roselli Pecoli Esbizera
00026188_;files/00026188_in.jpg;files/00026188_gt_ocr.txt;files/00026188_gt_segmentation.jpg;files/00026188__info.json;929.728.214-83;13.137.780-2;07/06/2020;Candeloro Fink Pipponzi
00026189_;files/00026189_in.jpg;files/00026189_gt_ocr.txt;files/00026189_gt_segmentation.jpg;files/00026189__info.json;;24.585.407-1;06/04/1995;Rezk Shirlei Gimeno
00026190_;files/00026190_in.jpg;files/00026190_gt_ocr.txt;files/00026190_gt_segmentation.jpg;files/00026190__info.json;614.178.571-96;70.472.948-9;27/11/1992;Christiane Ciniglio Quissak
00026191_;files/00026191_in.jpg;files/00026191_gt_ocr.txt;files/00026191_gt_segmentation.jpg;files/00026191__info.json;945.812.522-70;04.490.529-4;30/07/1990;Majolo Nicolao Edmar
00026192_;files/00026192_in.jpg;files/00026192_gt_ocr.txt;files/00026192_gt_segmentation.jpg;files/00026192__info.json;151.344.324-06;92.475.889-2;02/07/1997;Areno Nadalin Danitiele
00026193_;files/00026193_in.jpg;files/00026193_gt_ocr.txt;files/00026193_gt_segmentation.jpg;files/00026193__info.json;700.357.081-58;83.811.456-8;31/12/1982;Heise Jules
00026194_;files/00026194_in.jpg;files/00026194_gt_ocr.txt;files/00026194_gt_segmentation.jpg;files/00026194__info.json;696.254.084-10;56.019.489-4;18/07/1989;Berg Tiani Carelli
00026195_;files/00026195_in.jpg;files/00026195_gt_ocr.txt;files/00026195_gt_segmentation.jpg;files/00026195__info.json;574.526.574-46;63.154.709-5;15/06/1972;Dechiare Hamada Akisino
00026196_;files/00026196_in.jpg;files/00026196_gt_ocr.txt;files/00026196_gt_segmentation.jpg;files/00026196__info.json;150.261.928-82;48.600.827-7;16/01/1989;Manzzolla Bonello Zem
00026197_;files/00026197_in.jpg;files/00026197_gt_ocr.txt;files/00026197_gt_segmentation.jpg;files/00026197__info.json;500.121.031-36;99.898.234-9;10/03/1983;Ridolfi Pedroni Thassia
00026198_;files/00026198_in.jpg;files/00026198_gt_ocr.txt;files/00026198_gt_segmentation.jpg;files/00026198__info.json;246.688.197-78;18.671.036-7;21/09/2019;Bernardino Fiengo Lo
00026199_;files/00026199_in.jpg;files/00026199_gt_ocr.txt;files/00026199_gt_segmentation.jpg;files/00026199__info.json;;11.816.185-4;16/07/1999;Celli Ruanie Henderson
00026200_;files/00026200_in.jpg;files/00026200_gt_ocr.txt;files/00026200_gt_segmentation.jpg;files/00026200__info.json;119.780.260-64;26.566.310-6;21/11/1972;Sobreira Edouard Migliorin
00026201_;files/00026201_in.jpg;files/00026201_gt_ocr.txt;files/00026201_gt_segmentation.jpg;files/00026201__info.json;137.080.643-48;87.679.304-2;17/11/2005;Vorobow Semple Hatsume
00026202_;files/00026202_in.jpg;files/00026202_gt_ocr.txt;files/00026202_gt_segmentation.jpg;files/00026202__info.json;658.458.015-67;69.697.099-5;18/01/1973;Andrada Pradela Bertolla
00026203_;files/00026203_in.jpg;files/00026203_gt_ocr.txt;files/00026203_gt_segmentation.jpg;files/00026203__info.json;494.390.110-76;14.529.529-1;11/11/1974;Jina Gilberto Zaidan
00026204_;files/00026204_in.jpg;files/00026204_gt_ocr.txt;files/00026204_gt_segmentation.jpg;files/00026204__info.json;365.068.407-14;09.779.017-5;16/12/2001;Kurogi Thallita Bortoleto
00026205_;files/00026205_in.jpg;files/00026205_gt_ocr.txt;files/00026205_gt_segmentation.jpg;files/00026205__info.json;814.912.571-05;48.160.687-7;02/09/1951;Rotger Waldair Yanasse
00026206_;files/00026206_in.jpg;files/00026206_gt_ocr.txt;files/00026206_gt_segmentation.jpg;files/00026206__info.json;;79.233.452-8;11/01/2010;Apostolico Pedroni Talamonte
00026207_;files/00026207_in.jpg;files/00026207_gt_ocr.txt;files/00026207_gt_segmentation.jpg;files/00026207__info.json;025.233.104-49;10.253.701-3;20/05/1981;Maure Fran Wagatsuma
00026208_;files/00026208_in.jpg;files/00026208_gt_ocr.txt;files/00026208_gt_segmentation.jpg;files/00026208__info.json;079.799.441-60;98.027.195-2;12/10/1989;Darlan Liv Mestriner
00026209_;files/00026209_in.jpg;files/00026209_gt_ocr.txt;files/00026209_gt_segmentation.jpg;files/00026209__info.json;305.541.878-68;35.727.623-1;30/10/1969;Neila Wiclif Bernhard
00026210_;files/00026210_in.jpg;files/00026210_gt_ocr.txt;files/00026210_gt_segmentation.jpg;files/00026210__info.json;855.506.883-52;12.027.395-0;07/09/1991;Candian Lage Katlyn
00026211_;files/00026211_in.jpg;files/00026211_gt_ocr.txt;files/00026211_gt_segmentation.jpg;files/00026211__info.json;777.399.664-44;49.652.320-9;23/03/1996;Rampado Castelar Vitoreli
00026212_;files/00026212_in.jpg;files/00026212_gt_ocr.txt;files/00026212_gt_segmentation.jpg;files/00026212__info.json;716.819.989-71;86.314.079-8;26/06/2012;Moragas Chaer Adrien
00026213_;files/00026213_in.jpg;files/00026213_gt_ocr.txt;files/00026213_gt_segmentation.jpg;files/00026213__info.json;652.645.143-80;98.438.729-8;18/08/1991;Gerunda Camarinha Iglesias
00026214_;files/00026214_in.jpg;files/00026214_gt_ocr.txt;files/00026214_gt_segmentation.jpg;files/00026214__info.json;094.363.303-67;39.489.147-8;06/12/1996;Grenge Queiros Palomino
00026215_;files/00026215_in.jpg;files/00026215_gt_ocr.txt;files/00026215_gt_segmentation.jpg;files/00026215__info.json;777.446.187-69;39.664.502-1;12/07/1957;Brugnerotto Menegucci Furusho
